{"stats":{"minecraft:mined":{"minecraft:fern":1},"minecraft:used":{"minecraft:wooden_axe":6,"paladins:acolyte_wand":3},"minecraft:killed":{"minecraft:player":1},"minecraft:custom":{"minecraft:jump":58,"minecraft:time_since_rest":5314,"minecraft:damage_dealt":535,"minecraft:crouch_one_cm":146,"minecraft:sprint_one_cm":2509,"minecraft:play_time":5314,"minecraft:damage_taken":20,"minecraft:time_since_death":5314,"minecraft:walk_one_cm":9146,"minecraft:sneak_time":50,"minecraft:total_world_time":5314,"minecraft:fall_one_cm":693,"minecraft:fly_one_cm":5271,"minecraft:player_kills":1}},"DataVersion":3465}