{"stats":{"minecraft:crafted":{"minecraft:crafting_table":1,"minecraft:spruce_planks":16,"minecraft:stick":12,"minecraft:iron_pickaxe":1,"minecraft:iron_sword":1},"minecraft:mined":{"minecraft:spruce_planks":1,"minecraft:spruce_log":4,"minecraft:birch_leaves":17,"minecraft:grass":1,"minecraft:tall_grass":4,"minecraft:oak_leaves":4,"minecraft:fern":1},"minecraft:killed_by":{"minecraft:zombie_villager":1},"minecraft:picked_up":{"minecraft:stick":1,"minecraft:spruce_log":4,"minecraft:rotten_flesh":1,"minecraft:spruce_planks":1,"minecraft:iron_ingot":5},"minecraft:killed":{"minecraft:zombie":1,"minecraft:zombie_villager":1,"minecraft:iron_golem":1,"minecraft:player":4,"minecraft:villager":1},"minecraft:used":{"minecraft:wooden_axe":32,"minecraft:spruce_planks":6,"minecraft:wooden_pickaxe":14,"minecraft:iron_sword":23,"minecraft:crafting_table":1,"paladins:acolyte_wand":17},"minecraft:custom":{"minecraft:time_since_rest":1913,"minecraft:sprint_one_cm":15474,"minecraft:damage_taken":410,"minecraft:walk_one_cm":37468,"minecraft:mob_kills":4,"minecraft:damage_dealt":3360,"minecraft:talked_to_villager":12,"minecraft:interact_with_crafting_table":1,"minecraft:player_kills":4,"minecraft:fly_one_cm":23963,"minecraft:open_chest":3,"minecraft:crouch_one_cm":3921,"minecraft:play_time":17314,"minecraft:deaths":1,"minecraft:sneak_time":1178,"minecraft:jump":328,"minecraft:time_since_death":1883,"minecraft:total_world_time":17314,"minecraft:fall_one_cm":3250},"minecraft:broken":{"minecraft:wooden_axe":1}},"DataVersion":3465}