{"stats":{"minecraft:crafted":{"minecraft:spruce_planks":4},"minecraft:mined":{"minecraft:dark_oak_slab":2,"minecraft:spruce_log":1,"minecraft:ladder":1,"minecraft:iron_bars":1},"minecraft:picked_up":{"minecraft:dark_oak_slab":2,"minecraft:ladder":1,"minecraft:wooden_pickaxe":1,"minecraft:cookie":12,"minecraft:spruce_log":1,"minecraft:lapis_lazuli":3,"minecraft:wheat_seeds":7,"minecraft:iron_ingot":3,"minecraft:gold_ingot":2,"minecraft:poppy":2,"minecraft:iron_bars":1},"minecraft:killed":{"minecraft:iron_golem":1,"minecraft:villager":1},"minecraft:used":{"minecraft:wooden_axe":4,"minecraft:ladder":1,"minecraft:spruce_planks":4,"minecraft:wooden_pickaxe":1,"minecraft:dark_oak_slab":2,"minecraft:barrel":2,"farmersdelight:flint_knife":9,"minecraft:bow":20,"archers:flint_spear":12,"minecraft:pumpkin":5},"minecraft:custom":{"minecraft:time_since_rest":20122,"minecraft:sprint_one_cm":8576,"minecraft:damage_taken":680,"minecraft:walk_one_cm":22415,"minecraft:mob_kills":2,"minecraft:drop":16,"minecraft:damage_dealt":760,"minecraft:swim_one_cm":35884,"minecraft:talked_to_villager":8,"minecraft:fly_one_cm":9808,"minecraft:open_barrel":37,"minecraft:open_chest":14,"minecraft:crouch_one_cm":181,"minecraft:play_time":22330,"minecraft:deaths":2,"minecraft:sneak_time":410,"minecraft:walk_under_water_one_cm":34188,"minecraft:jump":135,"minecraft:leave_game":4,"minecraft:time_since_death":20091,"minecraft:walk_on_water_one_cm":13189,"minecraft:total_world_time":22330,"minecraft:climb_one_cm":1015,"minecraft:fall_one_cm":2049},"minecraft:dropped":{"minecraft:water_bucket":1,"minecraft:poppy":2,"minecraft:wheat_seeds":14,"minecraft:lapis_lazuli":3,"minecraft:golden_horse_armor":1,"minecraft:poisonous_potato":11,"minecraft:beetroot":5,"minecraft:cookie":12,"farmersdelight:onion":2,"minecraft:bamboo":5,"minecraft:iron_bars":1,"minecraft:wooden_pickaxe":1,"minecraft:carrot":11,"minecraft:gold_ingot":2}},"DataVersion":3465}