{"stats":{"minecraft:crafted":{"minecraft:crafting_table":1,"minecraft:spruce_planks":16,"minecraft:stick":12,"minecraft:iron_pickaxe":1,"minecraft:iron_sword":1},"minecraft:mined":{"minecraft:spruce_planks":1,"minecraft:spruce_log":4,"minecraft:birch_leaves":17,"minecraft:grass":3,"minecraft:copper_ore":1,"minecraft:tall_grass":11,"minecraft:cracked_stone_bricks":2,"minecraft:oak_leaves":4,"minecraft:fern":1},"minecraft:killed_by":{"minecraft:zombie_villager":3,"graveyard:skeleton_creeper":1,"minecraft:zombie":3},"minecraft:picked_up":{"minecraft:stick":1,"minecraft:spruce_log":4,"minecraft:arrow":1,"minecraft:bone":1,"minecraft:rotten_flesh":10,"minecraft:cracked_stone_bricks":2,"minecraft:wheat_seeds":2,"minecraft:spruce_planks":1,"minecraft:iron_ingot":8},"minecraft:killed":{"minecraft:zombie":4,"minecraft:zombie_villager":3,"minecraft:iron_golem":2,"minecraft:player":4,"minecraft:villager":1},"minecraft:used":{"minecraft:wooden_axe":32,"minecraft:iron_pickaxe":4,"minecraft:iron_helmet":1,"minecraft:spruce_planks":6,"minecraft:wooden_pickaxe":14,"minecraft:iron_sword":63,"minecraft:cracked_stone_bricks":1,"minecraft:iron_chestplate":1,"minecraft:crafting_table":1,"paladins:acolyte_wand":17},"minecraft:custom":{"minecraft:time_since_rest":211,"minecraft:sprint_one_cm":34997,"minecraft:damage_taken":2348,"minecraft:walk_one_cm":62168,"minecraft:mob_kills":10,"minecraft:damage_dealt":5562,"minecraft:talked_to_villager":13,"minecraft:interact_with_crafting_table":1,"minecraft:player_kills":4,"minecraft:fly_one_cm":75193,"minecraft:open_barrel":5,"minecraft:open_chest":19,"minecraft:crouch_one_cm":4079,"minecraft:play_time":31061,"minecraft:deaths":7,"minecraft:sneak_time":1397,"minecraft:jump":668,"minecraft:leave_game":1,"minecraft:time_since_death":89,"minecraft:total_world_time":31061,"minecraft:fall_one_cm":9205},"minecraft:broken":{"minecraft:wooden_axe":1}},"DataVersion":3465}