{"stats":{"minecraft:crafted":{"minecraft:spruce_planks":4},"minecraft:mined":{"minecraft:dark_oak_slab":1,"minecraft:spruce_log":1},"minecraft:picked_up":{"minecraft:dark_oak_slab":1,"minecraft:spruce_log":1},"minecraft:used":{"minecraft:wooden_axe":2,"minecraft:bow":11,"minecraft:spruce_planks":4,"archers:flint_spear":1},"minecraft:custom":{"minecraft:open_barrel":6,"minecraft:time_since_rest":9674,"minecraft:open_chest":3,"minecraft:sprint_one_cm":710,"minecraft:play_time":11882,"minecraft:deaths":2,"minecraft:damage_taken":640,"minecraft:walk_one_cm":2336,"minecraft:sneak_time":190,"minecraft:walk_under_water_one_cm":23488,"minecraft:jump":26,"minecraft:damage_dealt":50,"minecraft:leave_game":4,"minecraft:walk_on_water_one_cm":6112,"minecraft:time_since_death":9643,"minecraft:total_world_time":11882,"minecraft:swim_one_cm":20745,"minecraft:fall_one_cm":418,"minecraft:fly_one_cm":1405}},"DataVersion":3465}